ensemble_length,oracle accuracy,standard deviation
10,0.9913194269917065,0.004090310642155041
20,0.9988422551729915,0.001585310160755849
30,0.9994202898550725,0.001296271291304208
40,1.0,0.0
50,1.0,0.0
60,1.0,0.0
80,1.0,0.0
90,1.0,0.0
100,1.0,0.0
