ensemble_length,oracle accuracy,standard deviation
10,0.9030000000000001,0.033466401061363046
20,0.9800000000000001,0.007905694150420955
30,0.985,0.014577379737113256
40,0.998,0.0027386127875258306
50,0.9970000000000001,0.006708203932499375
60,0.998,0.002738612787525845
80,0.9970000000000001,0.004472135954999565
90,0.999,0.0022360679774997513
100,1.0,0.0
