ensemble_length,oracle accuracy,standard deviation
10,1.0,0.0
20,0.9952380952380953,0.010647942749999015
30,1.0,0.0
40,1.0,0.0
50,0.9904761904761905,0.02129588549999804
60,1.0,0.0
80,1.0,0.0
90,1.0,0.0
100,1.0,0.0
