ensemble_length,oracle accuracy,standard deviation
10,0.8608594657375145,0.13895638035824634
20,0.8759581881533102,0.13389005187167033
30,0.9091753774680604,0.054146660347811924
40,0.7996515679442509,0.11319797292617578
50,0.8750290360046458,0.11736251070627525
60,0.8567944250871081,0.13445808485804472
80,0.8231126596980255,0.0958369391229151
90,0.8945412311265969,0.0872265936985441
100,0.8997677119628339,0.14608810082718987
