ensemble_length,oracle accuracy,standard deviation
10,0.9952380952380953,0.010647942749998977
20,0.9952380952380953,0.010647942749998977
30,1.0,0.0
40,1.0,0.0
50,1.0,0.0
60,1.0,0.0
80,1.0,0.0
90,1.0,0.0
100,1.0,0.0
