ensemble_length,oracle accuracy,standard deviation
10,0.9934210486857691,0.0065764047910373425
20,0.9934184996926214,0.005207169399016492
30,0.9925407963854278,0.005052769845337265
40,0.9927602222122263,0.0029890361688477266
50,0.992365255723989,0.003405612913585499
60,0.9927604346283218,0.0033431217732676675
80,0.9922657175415711,0.0028300152657297645
90,0.9918086689091142,0.0022239327482921874
100,0.9918378690417284,0.001958771541193455
