,oracle_accuracy,oracle_std,ensemble_length
0,0.9738440111420612,0.017406272686764097,10
1,0.9860817084493965,0.011819409070490797,20
2,0.9871974620860415,0.009422943884821766,30
3,0.9905354379449086,0.009257902122718,40
4,0.9927623026926649,0.006733297559738844,50
5,0.9933178582482205,0.009421835752776256,60
6,0.9916496440730425,0.007049308773414802,80
7,0.992205199628598,0.009221420782925274,90
8,0.9949876199319097,0.0073491640291752005,100
