,oracle_accuracy,oracle_std,ensemble_length
0,0.7518229650263077,0.0632535697416162,10
1,0.8125456515010832,0.06405648165135486,20
2,0.6989415041782729,0.01780331124786002,30
3,0.7958681522748374,0.07530436412629231,40
4,0.7551686784277314,0.09026371751665327,50
5,0.7851779634787991,0.03205497662549836,60
6,0.7807830393067163,0.09707789778654381,80
7,0.7390034045187248,0.11465548170229833,90
8,0.7679526462395543,0.06431036558550168,100
