,oracle_accuracy,oracle_std,ensemble_length
0,0.5837898483441659,0.03035616694038189,10
