,oracle_accuracy,oracle_std,ensemble_length
0,0.7946281633286757,0.12375394398072173,10
1,0.6013507219375873,0.1840983333761254,20
2,0.5697717745691663,0.21945462080025666,30
3,0.8083682657972364,0.05096409636926816,40
4,0.6074212078869741,0.25347576749143086,50
5,0.5839776432231021,0.2460088407956038,60
6,0.777084303679553,0.13662395025948978,80
7,0.7705791026238161,0.2720261123957954,90
8,0.827713088029809,0.11680951639488892,100
