,oracle_accuracy,oracle_std,ensemble_length
0,0.7824264933457133,0.07193492375619391,10
1,0.7117378520581863,0.0685080770015608,20
2,0.7446239554317549,0.05572464618226461,30
3,0.7763107397090685,0.10132987967626073,40
4,0.7518198700092851,0.059154893116744024,50
5,0.7484571340142371,0.04819502570074125,60
6,0.6310971835345094,0.10438207213256004,80
7,0.6699411946765708,0.17302567493464543,90
8,0.7246069328381306,0.07393480423911139,100
