,oracle_accuracy,oracle_std,ensemble_length
0,0.7518229650263077,0.0632535697416162,10
1,0.6878597957288765,0.13142008276275638,20
2,0.7801918910554008,0.09861488195643926,30
3,0.7295419374806562,0.13015430304328077,40
4,0.7522547199009594,0.11422421133107866,50
5,0.7406979263385949,0.05599245379161606,60
6,0.7434633240482822,0.02157483864625893,80
7,0.7412395543175487,0.058537918543712764,90
8,0.8086320024760136,0.05387823767765826,100
